psc_group,category_name
10,Weapons
11,Nuclear ordnance
12,Fire control equipment
13,Ammunition and explosives
14,Guided missiles
15,Aircraft and airframe structures
16,Aircraft components and accessories
17,"Aircraft launching, landing and ground handling"
18,Space vehicles
19,Ships and small craft
20,Ship and marine equipment
22,Railway equipment
23,Motor vehicles and trailers
24,Tractors
25,Vehicular equipment components
26,Tires and tubes
28,Engines and turbines
29,Engine accessories
30,Mechanical power transmission equipment
31,Bearings
32,Woodworking machinery
34,Metalworking machinery
35,Service and trade equipment
36,Special industry machinery
37,Agricultural machinery
38,Construction and excavating equipment
39,Materials handling equipment
40,"Rope, cable, chain and fittings"
41,Refrigeration and air conditioning equipment
42,"Fire fighting, rescue and safety equipment"
43,Pumps and compressors
44,"Furnace, steam plant and drying equipment"
45,"Plumbing, heating and waste disposal equipment"
46,Water purification and sewage treatment equipment
47,"Pipe, tubing, hose and fittings"
48,Valves
49,Maintenance and repair shop equipment
51,Hand tools
52,Measuring tools
53,Hardware and abrasives
54,Prefabricated structures and scaffolding
55,"Lumber, millwork and plywood"
56,Construction and building materials
58,"Communication, detection and radiation equipment"
59,Electrical and electronic components
60,Fiber optics materials and components
61,"Electric wire, power and distribution equipment"
62,Lighting fixtures and lamps
63,"Alarm, signal and security detection systems"
65,Medical equipment and supplies
66,Instruments and laboratory equipment
67,Photographic equipment
68,Chemicals and chemical products
69,Training aids and devices
70,Information technology equipment and software
71,Furniture
72,Household and commercial furnishings
73,Food preparation and serving equipment
74,Office machines
75,Office supplies
76,"Books, maps and publications"
77,Musical instruments and home electronics
78,Recreational and athletic equipment
79,Cleaning equipment and supplies
7A,Information technology and telecom equipment
7B,Information technology and telecom equipment
7C,Information technology and telecom equipment
7D,Information technology and telecom equipment
7E,Information technology and telecom equipment
7F,Information technology and telecom equipment
7G,Information technology and telecom equipment
7H,Information technology and telecom equipment
7J,Information technology and telecom equipment
7K,Information technology and telecom equipment
80,"Paints, sealers and adhesives"
81,"Containers, packaging and packing supplies"
83,"Textiles, leather and tents"
84,Clothing and individual equipment
85,Toiletries
87,Agricultural supplies
88,Live animals
89,Subsistence
91,"Fuels, lubricants, oils and waxes"
93,Nonmetallic fabricated materials
94,Nonmetallic crude materials
95,"Metal bars, sheets and shapes"
96,"Ores, minerals and their products"
99,Miscellaneous products
AC,Defense research and development
AJ,General science and technology research and development
AR,Space research and development
B,Special studies and analyses
C,Architect and engineering services
D,Information technology and telecom services
E,Purchase of structures and facilities
F,Natural resources management
G,Social services
H,"Quality control, testing and inspection"
J,"Maintenance, repair and rebuilding of equipment"
K,Modification of equipment
L,Technical representative services
M,Operation of government-owned facilities
N,Installation of equipment
P,Salvage services
Q,Medical services
R,"Professional, administrative and management support"
S,Utilities and housekeeping
T,"Photographic, mapping, printing and publication services"
U,Education and training
V,"Transportation, travel and relocation"
W,Lease or rental of equipment
X,Lease or rental of facilities
Y,Construction of structures and facilities
Z,"Maintenance, repair or alteration of real property"
