reported_parent_name,valid_from,valid_to,supplier_name,reason
LOCKHEED MARTIN CORP,1900-01-01,2999-12-31,LOCKHEED MARTIN CORPORATION,name variant
SIKORSKY SUPPORT SERVICES INC,1900-01-01,2999-12-31,LOCKHEED MARTIN CORPORATION,subsidiary reported as parent (Sikorsky acquired 2015)
NORTHROP GRUMMAN SYSTEMS CORP,1900-01-01,2999-12-31,NORTHROP GRUMMAN CORPORATION,subsidiary reported as parent
NORTHROP GRUMMAN SYSTEMS CORPORATION,1900-01-01,2999-12-31,NORTHROP GRUMMAN CORPORATION,subsidiary reported as parent
NORTHROP GRUMMAN INNOVATION SYSTEMS LLC,1900-01-01,2018-06-06,"ORBITAL ATK, INC.",independent until acquired by Northrop Grumman on 2018-06-06
NORTHROP GRUMMAN INNOVATION SYSTEMS LLC,2018-06-06,2999-12-31,NORTHROP GRUMMAN CORPORATION,acquired by Northrop Grumman on 2018-06-06
RTX CORP,1900-01-01,2020-04-03,UNITED TECHNOLOGIES CORPORATION,source restates United Technologies as RTX; merger with Raytheon closed 2020-04-03
RTX CORP,2020-04-03,2999-12-31,RTX CORPORATION,name variant
RTX CORPORATION,1900-01-01,2020-04-03,UNITED TECHNOLOGIES CORPORATION,source restates United Technologies as RTX; merger with Raytheon closed 2020-04-03
ROCKWELL COLLINS AUSTRALIA PTY LIMITED,1900-01-01,2020-04-03,UNITED TECHNOLOGIES CORPORATION,source mislabels the RTX parent
ROCKWELL COLLINS AUSTRALIA PTY LIMITED,2020-04-03,2999-12-31,RTX CORPORATION,source mislabels the RTX parent in FY2023 to FY2025
RAYTHEON COMPANY,2020-04-03,2999-12-31,RTX CORPORATION,merged with United Technologies on 2020-04-03
"L3 TECHNOLOGIES, INC.",2019-06-29,2999-12-31,"L3HARRIS TECHNOLOGIES, INC.",merged with Harris on 2019-06-29
"L3HARRIS TECHNOLOGIES, INC",1900-01-01,2019-06-29,HARRIS CORPORATION,source restates Harris as L3Harris; merger closed 2019-06-29
"L3HARRIS TECHNOLOGIES, INC",2019-06-29,2999-12-31,"L3HARRIS TECHNOLOGIES, INC.",name variant
"L3HARRIS TECHNOLOGIES, INC.",1900-01-01,2019-06-29,HARRIS CORPORATION,source restates Harris as L3Harris; merger closed 2019-06-29
"AEROJET ROCKETDYNE HOLDINGS, INC.",2023-07-28,2999-12-31,"L3HARRIS TECHNOLOGIES, INC.",acquired by L3Harris on 2023-07-28
"DYNETICS, INC.",2020-01-31,2999-12-31,"LEIDOS HOLDINGS, INC.",acquired by Leidos on 2020-01-31
"GENERAL ATOMICS AERONAUTICAL SYSTEMS, INC.",1900-01-01,2999-12-31,GENERAL ATOMICS,affiliate reported as parent
"HONEYWELL SAFETY PRODUCTS USA, INC.",1900-01-01,2999-12-31,HONEYWELL INTERNATIONAL INC,subsidiary reported as parent
"AEROVIRONMENT, INC",1900-01-01,2999-12-31,"AEROVIRONMENT, INC.",name variant
CFM INTERNATIONAL INC,1900-01-01,2999-12-31,"CFM INTERNATIONAL, INC.",name variant
BALL CORP,1900-01-01,2024-02-16,BALL CORPORATION,name variant; Ball Aerospace before its sale
BALL CORP,2024-02-16,2999-12-31,BAE SYSTEMS PLC,Ball Aerospace acquired by BAE Systems; completion announced 2024-02-16
BALL CORPORATION,2024-02-16,2999-12-31,BAE SYSTEMS PLC,Ball Aerospace acquired by BAE Systems; completion announced 2024-02-16
COMPAGNIE DE DEVELOPPEMENT DE L'EAU S.A.,1900-01-01,2999-12-31,BAE SYSTEMS PLC,source mislabels the BAE Systems parent in FY2024 and FY2025; recipients are BAE entities
BAE SYSTEMS SPACE & MISSION SYSTEMS INC.,1900-01-01,2999-12-31,BAE SYSTEMS PLC,subsidiary reported as parent
BAE SYSTEMS INFORMATION AND ELECTRONIC SYSTEMS INTEGRATION INC.,1900-01-01,2999-12-31,BAE SYSTEMS PLC,subsidiary reported as parent
"BAE SYSTEMS LAND & ARMAMENTS, L.P.",1900-01-01,2999-12-31,BAE SYSTEMS PLC,subsidiary reported as parent
